Customer,Ticket Number,speaker,message,timestamp
No Change Carl,3302,Site Sammy,URGENT: I see frequent driver not found errors.,2025-10-15 13:27:10.270336
No Change Carl,3302,Lindsey Syncro,Log out and log back into your account.,2025-10-15 21:52:10.270336
No Change Carl,3302,Site Sammy,I cleared temporary files and rebooted,2025-10-18 02:47:10.270336
No Change Carl,3302,Lindsey Syncro,Clear your browser cache.,2025-10-20 09:07:10.270336
No Change Carl,3302,Site Sammy,I checked the software logs,2025-10-22 06:32:10.270336
No Change Carl,3302,Lindsey Syncro,Try booting in safe mode.,2025-10-25 06:15:53.070103
Hedges MSP,6944,pap,Attention: My system gives a no bootable device error.,2025-11-03 18:45:51.658011
Hedges MSP,6944,Tim the Tech,Reinstall your printer drivers.,2025-11-03 18:55:51.658011
Hedges MSP,6944,pap,I checked all the cables,2025-11-03 19:05:51.658011
Hedges MSP,6944,Tim the Tech,Close and reopen your program.,2025-11-03 19:20:51.658011
Hedges MSP,6944,pap,I confirmed that my cables are secure,2025-11-03 19:35:51.658011
Hedges MSP,6944,Tim the Tech,Clear temporary files.,2025-11-03 19:45:51.658011
